Date,Water_Level
2024-09-17 00:00:00,-20.707
2024-09-17 06:00:00,-20.663
2024-09-17 12:00:00,-20.733
2024-09-17 18:00:00,-20.717
2024-09-18 00:00:00,-20.762
2024-09-18 06:00:00,-20.733
2024-09-18 12:00:00,-20.778
2024-09-18 18:00:00,-20.781
2024-09-19 00:00:00,-20.737
2024-09-19 06:00:00,-20.724
2024-09-19 12:00:00,-20.655
2024-09-19 18:00:00,-20.78
2024-09-20 00:00:00,-20.649
2024-09-20 06:00:00,-20.724
2024-09-20 12:00:00,-20.78
2024-09-20 18:00:00,-20.732
2024-09-21 00:00:00,-20.655
2024-09-21 06:00:00,-20.729
2024-09-21 12:00:00,-20.789
2024-09-21 18:00:00,-20.74
2024-09-22 00:00:00,-20.761
2024-09-22 06:00:00,-20.729
2024-09-22 12:00:00,-20.742
2024-09-22 18:00:00,-20.757
2024-09-23 00:00:00,-20.74
2024-09-23 06:00:00,-20.708
2024-09-23 12:00:00,-20.752
2024-09-23 18:00:00,-20.731
2024-09-24 00:00:00,-20.733
2024-09-24 06:00:00,-20.713
2024-09-24 12:00:00,-20.735
2024-09-24 18:00:00,-20.713
2024-09-25 00:00:00,-20.719
2024-09-25 06:00:00,-20.701
2024-09-25 12:00:00,-20.723
2024-09-25 18:00:00,-20.733
2024-09-26 00:00:00,-20.723
2024-09-26 06:00:00,-20.696
2024-09-26 12:00:00,-20.72
2024-09-26 18:00:00,-20.614
2024-09-27 00:00:00,-20.709
2024-09-27 06:00:00,-20.689
2024-09-27 12:00:00,-20.709
2024-09-27 18:00:00,-20.707
2024-09-28 00:00:00,-20.72
2024-09-28 06:00:00,-20.695
2024-09-28 12:00:00,-20.738
2024-09-28 18:00:00,-20.719
2024-09-29 00:00:00,-20.717
2024-09-29 06:00:00,-20.701
2024-09-29 12:00:00,-20.761
2024-09-29 18:00:00,-20.692
2024-09-30 00:00:00,-20.711
2024-09-30 06:00:00,-20.691
2024-09-30 12:00:00,-20.728
2024-09-30 18:00:00,-20.692
2024-10-01 00:00:00,-20.687
2024-10-01 06:00:00,-20.667
2024-10-01 12:00:00,-20.715
2024-10-01 18:00:00,-20.706
2024-10-02 00:00:00,-20.685
2024-10-02 06:00:00,-20.667
2024-10-02 12:00:00,-20.707
2024-10-02 18:00:00,-20.697
2024-10-03 00:00:00,-20.678
2024-10-03 06:00:00,-20.65
2024-10-03 12:00:00,-20.713
2024-10-03 18:00:00,-20.728
2024-10-04 00:00:00,-20.681
2024-10-04 06:00:00,-20.685
2024-10-04 12:00:00,-20.74
2024-10-04 18:00:00,-20.692
2024-10-05 00:00:00,-20.697
2024-10-05 06:00:00,-20.664
2024-10-05 12:00:00,-20.697
2024-10-05 18:00:00,-20.701
2024-10-06 00:00:00,-20.674
2024-10-06 06:00:00,-20.649
2024-10-06 12:00:00,-20.696
2024-10-06 18:00:00,-20.658
2024-10-07 00:00:00,-20.66
2024-10-07 06:00:00,-20.635
2024-10-07 12:00:00,-20.719
2024-10-07 18:00:00,-20.748
2024-10-08 00:00:00,-20.663
2024-10-08 06:00:00,-20.629
2024-10-08 12:00:00,-20.645
2024-10-08 18:00:00,-20.711
2024-10-09 00:00:00,-20.635
2024-10-09 06:00:00,-20.609
2024-10-09 12:00:00,-20.693
2024-10-09 18:00:00,-20.648
2024-10-10 00:00:00,-20.628
2024-10-10 06:00:00,-20.605
2024-10-10 12:00:00,-20.665
2024-10-10 18:00:00,-20.663
2024-10-11 00:00:00,-20.647
2024-10-11 06:00:00,-20.601
2024-10-11 12:00:00,-20.687
2024-10-11 18:00:00,-20.697
2024-10-12 00:00:00,-20.648
2024-10-12 06:00:00,-20.609
2024-10-12 12:00:00,-20.717
2024-10-12 18:00:00,-20.687
2024-10-13 00:00:00,-20.619
2024-10-13 06:00:00,-20.589
2024-10-13 12:00:00,-20.661
2024-10-13 18:00:00,-20.638
2024-10-14 00:00:00,-20.62
2024-10-14 06:00:00,-20.581
2024-10-14 12:00:00,-20.603
2024-10-14 18:00:00,-20.616
2024-10-15 00:00:00,-20.604
2024-10-15 06:00:00,-20.553
2024-10-15 12:00:00,-20.624
2024-10-15 18:00:00,-20.638
2024-10-16 00:00:00,-20.599
2024-10-16 06:00:00,-20.55
2024-10-16 12:00:00,-20.644
2024-10-16 18:00:00,-20.657
2024-10-17 00:00:00,-20.59
2024-10-17 06:00:00,-20.546
2024-10-17 12:00:00,-20.584
2024-10-17 18:00:00,-20.62
2024-10-18 00:00:00,-20.584
2024-10-18 06:00:00,-20.524
2024-10-18 12:00:00,-20.623
2024-10-18 18:00:00,-20.632
2024-10-19 00:00:00,-20.585
2024-10-19 06:00:00,-20.528
2024-10-19 12:00:00,-20.555
2024-10-19 18:00:00,-20.557
2024-10-20 00:00:00,-20.546
2024-10-20 06:00:00,-20.526
2024-10-20 12:00:00,-20.594
2024-10-20 18:00:00,-20.599
2024-10-21 00:00:00,-20.566
2024-10-21 06:00:00,-20.491
2024-10-21 12:00:00,-20.592
2024-10-21 18:00:00,-20.602
2024-10-22 00:00:00,-20.572
2024-10-22 06:00:00,-20.504
2024-10-22 12:00:00,-20.572
2024-10-22 18:00:00,-20.578
2024-10-23 00:00:00,-20.528
2024-10-23 06:00:00,-20.476
2024-10-23 12:00:00,-20.552
2024-10-23 18:00:00,-20.548
2024-10-24 00:00:00,-20.515
2024-10-24 06:00:00,-20.478
2024-10-24 12:00:00,-20.556
2024-10-24 18:00:00,-20.637
2024-10-25 00:00:00,-20.545
2024-10-25 06:00:00,-20.515
2024-10-25 12:00:00,-20.546
2024-10-25 18:00:00,-20.528
2024-10-26 00:00:00,-20.516
2024-10-26 06:00:00,-20.518
2024-10-26 12:00:00,-20.553
2024-10-26 18:00:00,-20.499
2024-10-27 00:00:00,-20.509
2024-10-27 06:00:00,-20.46
2024-10-27 12:00:00,-20.527
2024-10-27 18:00:00,-20.502
2024-10-28 00:00:00,-20.486
2024-10-28 06:00:00,-20.446
2024-10-28 12:00:00,-20.523
2024-10-28 18:00:00,-20.518
2024-10-29 00:00:00,-20.498
2024-10-29 06:00:00,-20.464
2024-10-29 12:00:00,-20.577
2024-10-29 18:00:00,-20.534
2024-10-30 00:00:00,-20.526
2024-10-30 06:00:00,-20.452
2024-10-30 12:00:00,-20.51
2024-10-30 18:00:00,-20.556
2024-10-31 00:00:00,-20.531
2024-10-31 06:00:00,-20.415
2024-10-31 12:00:00,-20.518
2024-10-31 18:00:00,-20.534
2024-11-01 00:00:00,-20.488
2024-11-01 06:00:00,-20.464
2024-11-01 12:00:00,-20.543
2024-11-01 18:00:00,-20.509
2024-11-02 00:00:00,-20.501
2024-11-02 06:00:00,-20.471
2024-11-02 12:00:00,-20.523
2024-11-02 18:00:00,-20.503
2024-11-03 00:00:00,-20.498
2024-11-03 06:00:00,-20.465
2024-11-03 12:00:00,-20.524
2024-11-03 18:00:00,-20.487
2024-11-04 00:00:00,-20.471
2024-11-04 06:00:00,-20.447
2024-11-04 12:00:00,-20.475
2024-11-04 18:00:00,-20.486
2024-11-05 00:00:00,-20.486
2024-11-05 06:00:00,-20.458
2024-11-05 12:00:00,-20.513
2024-11-05 18:00:00,-20.494
2024-11-06 00:00:00,-20.474
2024-11-06 06:00:00,-20.441
2024-11-06 12:00:00,-20.493
2024-11-06 18:00:00,-20.497
2024-11-07 00:00:00,-20.46
2024-11-07 06:00:00,-20.43
2024-11-07 12:00:00,-20.486
2024-11-07 18:00:00,-20.46
2024-11-08 00:00:00,-20.44
2024-11-08 06:00:00,-20.424
2024-11-08 12:00:00,-20.459
2024-11-08 18:00:00,-20.44
2024-11-09 00:00:00,-20.446
2024-11-09 06:00:00,-20.419
2024-11-09 12:00:00,-20.473
2024-11-09 18:00:00,-20.444
2024-11-10 00:00:00,-20.444
2024-11-10 06:00:00,-20.409
2024-11-10 12:00:00,-20.439
2024-11-10 18:00:00,-20.448
2024-11-11 00:00:00,-20.423
2024-11-11 06:00:00,-20.4
2024-11-11 12:00:00,-20.444
2024-11-11 18:00:00,-20.429
2024-11-12 00:00:00,-20.418
2024-11-12 06:00:00,-20.394
2024-11-12 12:00:00,-20.418
2024-11-12 18:00:00,-20.415
2024-11-13 00:00:00,-20.413
2024-11-13 06:00:00,-20.39
2024-11-13 12:00:00,-20.421
2024-11-13 18:00:00,-20.424
2024-11-14 00:00:00,-20.417
2024-11-14 06:00:00,-20.386
2024-11-14 12:00:00,-20.416
2024-11-14 18:00:00,-20.393
2024-11-15 00:00:00,-20.388
2024-11-15 06:00:00,-20.367
2024-11-15 12:00:00,-20.436
2024-11-15 18:00:00,-20.391
2024-11-16 00:00:00,-20.379
2024-11-16 06:00:00,-20.35
2024-11-16 12:00:00,-20.396
2024-11-16 18:00:00,-20.374
2024-11-17 00:00:00,-20.375
2024-11-17 06:00:00,-20.35
2024-11-17 12:00:00,-20.399
2024-11-17 18:00:00,-20.374
2024-11-18 00:00:00,-20.377
2024-11-18 06:00:00,-20.34
2024-11-18 12:00:00,-20.429
2024-11-18 18:00:00,-20.389
2024-11-19 00:00:00,-20.364
2024-11-19 06:00:00,-20.283
2024-11-19 12:00:00,-20.38
2024-11-19 18:00:00,-20.353
2024-11-20 00:00:00,-20.342
2024-11-20 06:00:00,-20.272
2024-11-20 12:00:00,-20.373
2024-11-20 18:00:00,-20.343
2024-11-21 00:00:00,-20.341
2024-11-21 06:00:00,-20.263
2024-11-21 12:00:00,-20.353
2024-11-21 18:00:00,-20.35
2024-11-22 00:00:00,-20.339
2024-11-22 06:00:00,-20.262
2024-11-22 12:00:00,-20.426
2024-11-22 18:00:00,-20.346
2024-11-23 00:00:00,-20.32
2024-11-23 06:00:00,-20.254
2024-11-23 12:00:00,-20.368
2024-11-23 18:00:00,-20.311
2024-11-24 00:00:00,-20.314
2024-11-24 06:00:00,-20.246
2024-11-24 12:00:00,-20.272
2024-11-24 18:00:00,-20.297
2024-11-25 00:00:00,-20.287
2024-11-25 06:00:00,-20.238
2024-11-25 12:00:00,-20.325
2024-11-25 18:00:00,-20.282
2024-11-26 00:00:00,-20.243
2024-11-26 06:00:00,-20.228
2024-11-26 12:00:00,-20.264
2024-11-26 18:00:00,-20.263
2024-11-27 00:00:00,-20.231
2024-11-27 06:00:00,-20.213
2024-11-27 12:00:00,-20.258
2024-11-27 18:00:00,-20.263
2024-11-28 00:00:00,-20.232
2024-11-28 06:00:00,-20.212
2024-11-28 12:00:00,-20.272
2024-11-29 06:00:00,-20.206
2024-11-29 12:00:00,-20.285
2024-11-29 18:00:00,-20.216
2024-11-30 00:00:00,-20.206
2024-11-30 06:00:00,-20.183
2024-11-30 12:00:00,-20.172
2024-11-30 18:00:00,-20.174
2024-12-01 00:00:00,-20.189
2024-12-01 06:00:00,-20.164
2024-12-01 12:00:00,-20.208
2024-12-01 18:00:00,-20.147
2024-12-02 00:00:00,-20.176
2024-12-02 06:00:00,-20.146
2024-12-02 12:00:00,-20.184
2024-12-02 18:00:00,-20.192
2024-12-03 00:00:00,-20.18
2024-12-03 06:00:00,-20.137
2024-12-03 12:00:00,-20.191
2024-12-03 18:00:00,-20.118
2024-12-04 00:00:00,-20.133
2024-12-04 12:00:00,-20.14
2024-12-18 18:00:00,-20.101
2024-12-19 12:00:00,-20.139
2025-04-21 18:00:00,-19.241
2025-04-22 00:00:00,-19.235
2025-04-22 06:00:00,-19.209
2025-04-22 12:00:00,-19.261
2025-04-22 18:00:00,-19.266
2025-04-23 00:00:00,-19.239
2025-04-23 06:00:00,-19.203
2025-04-23 12:00:00,-19.255
2025-04-23 18:00:00,-19.222
2025-04-24 00:00:00,-19.224
2025-04-24 06:00:00,-19.177
2025-04-24 12:00:00,-19.274
2025-04-24 18:00:00,-19.367
2025-04-25 00:00:00,-19.229
2025-04-25 06:00:00,-19.211
2025-04-25 12:00:00,-19.258
2025-04-25 18:00:00,-19.355
2025-04-26 00:00:00,-19.243
2025-04-26 06:00:00,-19.207
2025-04-26 12:00:00,-19.27
2025-04-26 18:00:00,-19.358
2025-04-27 00:00:00,-19.255
2025-04-27 06:00:00,-19.216
2025-04-27 12:00:00,-19.386
2025-04-27 18:00:00,-19.222
2025-04-28 00:00:00,-19.228
2025-04-28 06:00:00,-19.21
2025-04-28 12:00:00,-19.365
2025-04-28 18:00:00,-19.342
2025-04-29 00:00:00,-19.345
2025-04-29 06:00:00,-19.227
2025-04-29 12:00:00,-19.252
2025-04-29 18:00:00,-19.331
2025-04-30 00:00:00,-19.245
2025-04-30 06:00:00,-19.251
2025-04-30 12:00:00,-19.403
2025-04-30 18:00:00,-19.377
2025-05-01 00:00:00,-19.37
2025-05-01 06:00:00,-19.263
2025-05-01 12:00:00,-19.287
2025-05-01 18:00:00,-19.377
2025-05-02 00:00:00,-19.259
2025-05-02 06:00:00,-19.279
2025-05-02 12:00:00,-19.268
2025-05-02 18:00:00,-19.359
2025-05-03 00:00:00,-19.244
2025-05-03 06:00:00,-19.224
2025-05-03 12:00:00,-19.257
2025-05-03 18:00:00,-19.306
2025-05-04 00:00:00,-19.32
2025-05-04 06:00:00,-19.209
2025-05-04 12:00:00,-19.25
2025-05-04 18:00:00,-19.211
2025-05-05 00:00:00,-19.238
2025-05-05 06:00:00,-19.21
2025-05-05 12:00:00,-19.247
2025-05-05 18:00:00,-19.228
2025-05-06 00:00:00,-19.226
2025-05-06 06:00:00,-19.222
2025-05-06 12:00:00,-19.238
2025-05-06 18:00:00,-19.306
2025-05-07 00:00:00,-19.231
2025-05-07 06:00:00,-19.22
2025-05-07 12:00:00,-19.249
2025-05-07 18:00:00,-19.226
2025-05-08 00:00:00,-19.227
2025-05-13 06:00:00,-19.221
2025-05-13 12:00:00,-19.362
2025-05-13 18:00:00,-19.241
2025-05-14 00:00:00,-19.227
2025-05-14 06:00:00,-19.227
2025-05-14 12:00:00,-19.256
2025-05-14 18:00:00,-19.335
2025-05-15 00:00:00,-19.345
2025-05-15 06:00:00,-19.225
2025-05-15 12:00:00,-19.375
2025-05-15 18:00:00,-19.345
2025-05-16 00:00:00,-19.341
2025-05-16 06:00:00,-19.329
2025-05-16 12:00:00,-19.372
2025-05-16 18:00:00,-19.38
2025-05-17 00:00:00,-19.338
2025-05-17 06:00:00,-19.321
2025-05-17 12:00:00,-19.366
2025-05-17 18:00:00,-19.329
2025-05-18 00:00:00,-19.337
2025-05-18 06:00:00,-19.336
2025-05-18 12:00:00,-19.365
2025-05-18 18:00:00,-19.34
2025-05-19 00:00:00,-19.346
2025-05-19 06:00:00,-19.343
2025-05-19 12:00:00,-19.365
2025-05-19 18:00:00,-19.343
2025-05-20 00:00:00,-19.346
2025-05-20 06:00:00,-19.337
2025-05-20 12:00:00,-19.35
2025-05-20 18:00:00,-19.421
2025-05-21 00:00:00,-19.346
2025-05-21 06:00:00,-19.341
2025-05-21 12:00:00,-19.374
2025-05-21 18:00:00,-19.39
2025-05-22 00:00:00,-19.343
2025-05-22 06:00:00,-19.349
2025-05-22 12:00:00,-19.376
2025-05-22 18:00:00,-19.347
2025-05-23 00:00:00,-19.347
2025-05-23 06:00:00,-19.338
2025-05-23 12:00:00,-19.363
2025-05-23 18:00:00,-19.352
2025-05-24 00:00:00,-19.382
2025-05-24 06:00:00,-19.348
2025-05-24 12:00:00,-19.36
2025-05-24 18:00:00,-19.339
2025-05-25 00:00:00,-19.357
2025-05-25 06:00:00,-19.244
2025-05-25 12:00:00,-19.369
2025-05-25 18:00:00,-19.342
2025-05-26 00:00:00,-19.357
2025-05-26 06:00:00,-19.344
2025-05-26 12:00:00,-19.359
2025-05-26 18:00:00,-19.319
2025-05-27 00:00:00,-19.336
2025-05-27 06:00:00,-19.327
2025-05-27 12:00:00,-19.34
2025-05-27 18:00:00,-19.314
2025-05-28 00:00:00,-19.346
2025-05-28 06:00:00,-19.304
2025-05-28 12:00:00,-19.33
2025-05-28 18:00:00,-19.293
2025-05-29 00:00:00,-19.312
2025-05-29 06:00:00,-19.303
2025-05-29 12:00:00,-19.313
2025-05-29 18:00:00,-19.312
2025-05-30 00:00:00,-19.3
2025-05-30 06:00:00,-19.288
2025-05-30 12:00:00,-19.326
2025-05-30 18:00:00,-19.299
2025-05-31 00:00:00,-19.314
2025-05-31 06:00:00,-19.304
2025-05-31 12:00:00,-19.358
2025-05-31 18:00:00,-19.361
2025-06-01 00:00:00,-19.339
2025-06-01 06:00:00,-19.337
2025-06-01 12:00:00,-19.344
2025-06-01 18:00:00,-19.328
2025-06-02 00:00:00,-19.311
2025-06-02 06:00:00,-19.311
2025-06-02 12:00:00,-19.345
2025-06-02 18:00:00,-19.322
2025-06-03 00:00:00,-19.325
2025-06-03 06:00:00,-19.331
2025-06-03 12:00:00,-19.353
2025-06-03 18:00:00,-19.336
2025-06-04 00:00:00,-19.357
2025-06-04 06:00:00,-19.338
2025-06-04 12:00:00,-19.378
2025-06-04 18:00:00,-19.354
2025-06-05 00:00:00,-19.365
2025-06-05 06:00:00,-19.277
2025-06-05 12:00:00,-19.327
2025-06-05 18:00:00,-19.385
2025-06-06 00:00:00,-19.382
2025-06-06 06:00:00,-19.277
2025-06-06 12:00:00,-19.312
2025-06-06 18:00:00,-19.38
2025-06-07 00:00:00,-19.368
2025-06-07 06:00:00,-19.363
2025-06-07 12:00:00,-19.448
2025-06-07 18:00:00,-19.36
2025-06-08 00:00:00,-19.356
2025-06-08 06:00:00,-19.356
2025-06-08 12:00:00,-19.391
2025-06-08 18:00:00,-19.366
2025-06-09 00:00:00,-19.346
2025-06-09 06:00:00,-19.341
2025-06-09 12:00:00,-19.387
2025-06-09 18:00:00,-19.449
2025-06-10 00:00:00,-19.36
2025-06-10 06:00:00,-19.349
2025-06-10 12:00:00,-19.411
2025-06-10 18:00:00,-19.503
2025-06-11 00:00:00,-19.382
2025-06-11 06:00:00,-19.354
2025-06-11 12:00:00,-19.439
2025-06-11 18:00:00,-19.424
2025-06-12 00:00:00,-19.384
2025-06-12 06:00:00,-19.367
2025-06-12 12:00:00,-19.43
2025-06-12 18:00:00,-19.638
2025-06-13 00:00:00,-19.409
2025-06-13 06:00:00,-19.383
2025-06-13 12:00:00,-19.422
2025-06-13 18:00:00,-19.429
2025-06-14 00:00:00,-19.411
2025-06-14 06:00:00,-19.382
2025-06-14 12:00:00,-19.455
2025-06-14 18:00:00,-19.452
2025-06-15 00:00:00,-19.42
2025-06-15 06:00:00,-19.355
2025-06-15 12:00:00,-19.396
2025-06-15 18:00:00,-19.352
2025-06-16 00:00:00,-19.403
2025-06-16 06:00:00,-19.373
2025-06-16 12:00:00,-19.396
2025-06-16 18:00:00,-19.389
2025-06-17 00:00:00,-19.373
2025-06-17 06:00:00,-19.357
2025-06-17 12:00:00,-19.399
2025-06-17 18:00:00,-19.354
2025-06-18 00:00:00,-19.361
2025-06-18 06:00:00,-19.344
2025-06-18 12:00:00,-19.369
2025-06-18 18:00:00,-19.341
2025-06-19 00:00:00,-19.354
2025-06-19 06:00:00,-19.323
2025-06-19 12:00:00,-19.355
2025-06-19 18:00:00,-19.358
2025-06-20 00:00:00,-19.358
2025-06-20 06:00:00,-19.336
2025-06-20 12:00:00,-19.363
2025-06-20 18:00:00,-19.367
2025-06-21 00:00:00,-19.38
2025-06-21 06:00:00,-19.348
2025-06-21 12:00:00,-19.362
2025-06-21 18:00:00,-19.333
2025-06-22 00:00:00,-19.343
2025-06-22 06:00:00,-19.327
2025-06-22 12:00:00,-19.344
2025-06-22 18:00:00,-19.32
2025-06-23 00:00:00,-19.341
2025-06-23 06:00:00,-19.321
2025-06-23 12:00:00,-19.344
2025-06-23 18:00:00,-19.366
2025-06-24 00:00:00,-19.357
2025-06-24 06:00:00,-19.319
2025-06-24 12:00:00,-19.345
2025-06-24 18:00:00,-19.312
2025-06-25 00:00:00,-19.347
